,clf,strategy,mae
0,Dummy,all,64.93050004961167
1,Dummy,avg,64.70201165642865
2,Dummy,both_eyes,65.04474424620318
3,Dummy,left,65.12826673033881
4,Dummy,right,64.96122176206754
5,LinearReg,all,57.31743422271963
6,LinearReg,avg,57.46750581754942
7,LinearReg,both_eyes,57.415358051381325
8,LinearReg,left,59.396420139851045
9,LinearReg,right,58.75055795918534
