,df,sum_sq,mean_sq,F,PR(>F)
mode,5.0,98.85749548735143,19.771499097470286,0.0,
clf,2.0,5.1219955479910535,2.5609977739955267,0.0,
mode:clf,10.0,1.0338529538943044,0.10338529538943045,0.0,
Residual,0.0,8.465676581597393e-25,inf,,
