,df,sum_sq,mean_sq,F,PR(>F),eta_sq,cohens_f
mode,5.0,587.4820053846238,117.49640107692476,6.247190050432051,3.969821484168663e-05,0.22433825600063104,0.5377934190691407
Residual,108.0,2031.2510446885265,18.807880043412283,,,0.22433825600063104,0.5377934190691407
