,clf1,clf2,statistic,p_val
0,LinearReg,Ridge,0.6666790304172173,0.5200618417194429
0,LinearReg,Lasso,0.8378476499288371,0.4216899498356861
0,Ridge,LinearReg,-0.6666790304172173,0.5200618417194429
0,Ridge,Lasso,0.16514367190521553,0.8721216055728035
0,Lasso,LinearReg,-0.8378476499288371,0.4216899498356861
0,Lasso,Ridge,-0.16514367190521553,0.8721216055728035
