,mode,clf1,clf2,statistic_t,p_val_t,effect_t,U1_clf1,p_val_mann,effect_size_mann,new
0,left,LinearReg,Dummy,-4.525462199,6.34E-05,1.468253818,64,0.000353834,0.177285319,-0.645429363
0,right,LinearReg,Dummy,-4.331317757,0.000113414,1.405265044,61,0.000256213,0.168975069,-0.662049861
0,both_eyes,LinearReg,Dummy,-6.268378057,3.05E-07,2.033730393,56,0.000147217,0.155124654,-0.689750693
0,avg_vector,LinearReg,Dummy,-6.586049029,1.15E-07,2.136796466,52,9.31E-05,0.144044321,-0.711911357
0,all,LinearReg,Dummy,-6.196125197,3.80E-07,2.01028847,59,0.000205775,0.163434903,-0.673130194
0,all_vector,LinearReg,Dummy,-6.245477434,3.27E-07,2.02630045,56,0.000147217,0.155124654,-0.689750693
