,clf1,clf2,statistic,p_val
0,LinearReg,Dummy,-13.167604572041606,1.214454197620879e-07
0,Ridge,Dummy,-13.368875183424015,1.0513532716882297e-07
0,Lasso,Dummy,-13.651423733576229,8.614818105865292e-08
