,mode,clf1,clf2,statistic,p_val
0,left,LinearReg,Dummy,-4.525462198663607,6.341130896364943e-05
0,right,LinearReg,Dummy,-4.33131775663767,0.00011341409986125372
0,both_eyes,LinearReg,Dummy,-6.268378056849616,3.047674424303523e-07
0,avg_vector,LinearReg,Dummy,-6.586049028570657,1.1534216551414149e-07
0,all,LinearReg,Dummy,-6.19612519720514,3.803977765049843e-07
0,all_vector,LinearReg,Dummy,-6.245477434427606,3.269424373794396e-07
